{
  "bm25": {
    "avg_precision": {
      "5": 0.7111111111111111
    },
    "avg_recall": {
      "5": 0.7111111111111111
    },
    "avg_mrr": {
      "5": 0.8518518518518517
    },
    "avg_latency_ms": 40.69990581936307
  },
  "vector": {
    "avg_precision": {
      "5": 0.044444444444444446
    },
    "avg_recall": {
      "5": 0.044444444444444446
    },
    "avg_mrr": {
      "5": 0.14814814814814814
    },
    "avg_latency_ms": 2289.402272966173
  },
  "hybrid": {
    "avg_precision": {
      "5": 0.6444444444444444
    },
    "avg_recall": {
      "5": 0.6444444444444444
    },
    "avg_mrr": {
      "5": 0.8555555555555556
    },
    "avg_latency_ms": 1801.7175727420383
  },
  "hybrid_rerank": {
    "avg_precision": {
      "5": 0.6444444444444444
    },
    "avg_recall": {
      "5": 0.6444444444444444
    },
    "avg_mrr": {
      "5": 0.8555555555555556
    },
    "avg_latency_ms": 777.7227560679117
  }
}