{
  "bm25": {
    "avg_precision": {
      "1": 0.7727272727272727,
      "3": 0.6969696969696969,
      "5": 0.6636363636363636,
      "10": 0.5727272727272728
    },
    "avg_recall": {
      "1": 0.7727272727272727,
      "3": 0.6969696969696969,
      "5": 0.6636363636363636,
      "10": 0.5727272727272728
    },
    "avg_mrr": {
      "1": 0.8121212121212121,
      "3": 0.8121212121212121,
      "5": 0.8121212121212121,
      "10": 0.8121212121212121
    },
    "avg_latency_ms": 13.064308599992232
  },
  "vector": {
    "avg_precision": {
      "1": 0.4090909090909091,
      "3": 0.25757575757575757,
      "5": 0.23636363636363636,
      "10": 0.19999999999999998
    },
    "avg_recall": {
      "1": 0.4090909090909091,
      "3": 0.25757575757575757,
      "5": 0.23636363636363636,
      "10": 0.19999999999999998
    },
    "avg_mrr": {
      "1": 0.4474025974025974,
      "3": 0.4474025974025974,
      "5": 0.4474025974025974,
      "10": 0.4474025974025974
    },
    "avg_latency_ms": 658.720926804976
  },
  "hybrid": {
    "avg_precision": {
      "1": 0.7727272727272727,
      "3": 0.7121212121212122,
      "5": 0.6090909090909092,
      "10": 0.45909090909090905
    },
    "avg_recall": {
      "1": 0.7727272727272727,
      "3": 0.7121212121212122,
      "5": 0.6090909090909092,
      "10": 0.45909090909090905
    },
    "avg_mrr": {
      "1": 0.8011363636363636,
      "3": 0.8011363636363636,
      "5": 0.8011363636363636,
      "10": 0.8011363636363636
    },
    "avg_latency_ms": 5359.226324341514
  },
  "hybrid_rerank": {
    "avg_precision": {
      "1": 0.7727272727272727,
      "3": 0.7121212121212122,
      "5": 0.6090909090909092,
      "10": 0.45909090909090905
    },
    "avg_recall": {
      "1": 0.7727272727272727,
      "3": 0.7121212121212122,
      "5": 0.6090909090909092,
      "10": 0.45909090909090905
    },
    "avg_mrr": {
      "1": 0.8011363636363636,
      "3": 0.8011363636363636,
      "5": 0.8011363636363636,
      "10": 0.8011363636363636
    },
    "avg_latency_ms": 331.5310586582531
  }
}