{
  "bm25": {
    "avg_precision": {
      "5": 0.7142857142857144
    },
    "avg_recall": {
      "5": 0.7142857142857144
    },
    "avg_mrr": {
      "5": 0.8571428571428571
    },
    "avg_latency_ms": 41.35486057826451
  },
  "vector": {
    "avg_precision": {
      "5": 0.0
    },
    "avg_recall": {
      "5": 0.0
    },
    "avg_mrr": {
      "5": 0.0
    },
    "avg_latency_ms": 3028.3242634364537
  },
  "hybrid": {
    "avg_precision": {
      "5": 0.6285714285714287
    },
    "avg_recall": {
      "5": 0.6285714285714287
    },
    "avg_mrr": {
      "5": 1.0
    },
    "avg_latency_ms": 2052.6112147739955
  },
  "hybrid_rerank": {
    "avg_precision": {
      "5": 0.6285714285714287
    },
    "avg_recall": {
      "5": 0.6285714285714287
    },
    "avg_mrr": {
      "5": 1.0
    },
    "avg_latency_ms": 848.3952454158238
  }
}