{
  "bm25": {
    "avg_precision": {
      "1": 0.8,
      "3": 0.8222222222222223,
      "5": 0.78,
      "10": 0.6866666666666666
    },
    "avg_recall": {
      "1": 0.8,
      "3": 0.8222222222222223,
      "5": 0.78,
      "10": 0.6866666666666666
    },
    "avg_mrr": {
      "1": 0.8888888888888888,
      "3": 0.8888888888888888,
      "5": 0.8888888888888888,
      "10": 0.8888888888888888
    },
    "avg_latency_ms": 57.02525774637858
  },
  "vector": {
    "avg_precision": {
      "1": 0.36666666666666664,
      "3": 0.3,
      "5": 0.28666666666666657,
      "10": 0.2733333333333333
    },
    "avg_recall": {
      "1": 0.36666666666666664,
      "3": 0.3,
      "5": 0.28666666666666657,
      "10": 0.2733333333333333
    },
    "avg_mrr": {
      "1": 0.4642592592592593,
      "3": 0.4642592592592593,
      "5": 0.4642592592592593,
      "10": 0.4642592592592593
    },
    "avg_latency_ms": 2104.109764099121
  },
  "hybrid": {
    "avg_precision": {
      "1": 0.9666666666666667,
      "3": 0.8333333333333334,
      "5": 0.7266666666666667,
      "10": 0.5433333333333333
    },
    "avg_recall": {
      "1": 0.9666666666666667,
      "3": 0.8333333333333334,
      "5": 0.7266666666666667,
      "10": 0.5433333333333333
    },
    "avg_mrr": {
      "1": 0.9777777777777777,
      "3": 0.9777777777777777,
      "5": 0.9777777777777777,
      "10": 0.9777777777777777
    },
    "avg_latency_ms": 1787.6616716384888
  },
  "hybrid_rerank": {
    "avg_precision": {
      "1": 0.9666666666666667,
      "3": 0.8333333333333334,
      "5": 0.7266666666666667,
      "10": 0.5433333333333333
    },
    "avg_recall": {
      "1": 0.9666666666666667,
      "3": 0.8333333333333334,
      "5": 0.7266666666666667,
      "10": 0.5433333333333333
    },
    "avg_mrr": {
      "1": 0.9777777777777777,
      "3": 0.9777777777777777,
      "5": 0.9777777777777777,
      "10": 0.9777777777777777
    },
    "avg_latency_ms": 960.0577513376871
  }
}