{
  "bm25": {
    "avg_precision": {
      "1": 0.7666666666666667,
      "3": 0.7666666666666668,
      "5": 0.7133333333333332,
      "10": 0.6766666666666666
    },
    "avg_recall": {
      "1": 0.7666666666666667,
      "3": 0.7666666666666668,
      "5": 0.7133333333333332,
      "10": 0.6766666666666666
    },
    "avg_mrr": {
      "1": 0.8633333333333333,
      "3": 0.8633333333333333,
      "5": 0.8633333333333333,
      "10": 0.8633333333333333
    },
    "avg_latency_ms": 54.74108060201009
  },
  "vector": {
    "avg_precision": {
      "1": 0.3333333333333333,
      "3": 0.3333333333333333,
      "5": 0.3533333333333333,
      "10": 0.31999999999999995
    },
    "avg_recall": {
      "1": 0.3333333333333333,
      "3": 0.3333333333333333,
      "5": 0.3533333333333333,
      "10": 0.31999999999999995
    },
    "avg_mrr": {
      "1": 0.4464285714285714,
      "3": 0.4464285714285714,
      "5": 0.4464285714285714,
      "10": 0.4464285714285714
    },
    "avg_latency_ms": 816.6613976160685
  },
  "hybrid": {
    "avg_precision": {
      "1": 0.8333333333333334,
      "3": 0.7666666666666667,
      "5": 0.7066666666666668,
      "10": 0.5433333333333333
    },
    "avg_recall": {
      "1": 0.8333333333333334,
      "3": 0.7666666666666667,
      "5": 0.7066666666666668,
      "10": 0.5433333333333333
    },
    "avg_mrr": {
      "1": 0.8872222222222222,
      "3": 0.8872222222222222,
      "5": 0.8872222222222222,
      "10": 0.8872222222222222
    },
    "avg_latency_ms": 866.1932627360026
  },
  "hybrid_rerank": {
    "avg_precision": {
      "1": 0.8333333333333334,
      "3": 0.7666666666666667,
      "5": 0.7066666666666668,
      "10": 0.5433333333333333
    },
    "avg_recall": {
      "1": 0.8333333333333334,
      "3": 0.7666666666666667,
      "5": 0.7066666666666668,
      "10": 0.5433333333333333
    },
    "avg_mrr": {
      "1": 0.8872222222222222,
      "3": 0.8872222222222222,
      "5": 0.8872222222222222,
      "10": 0.8872222222222222
    },
    "avg_latency_ms": 577.0092805226644
  }
}