{
  "bm25": {
    "avg_precision": {
      "5": 0.8571428571428571
    },
    "avg_recall": {
      "5": 0.8571428571428571
    },
    "avg_mrr": {
      "5": 0.9285714285714286
    },
    "avg_latency_ms": 55.903485843113494
  },
  "vector": {
    "avg_precision": {
      "5": 0.5857142857142857
    },
    "avg_recall": {
      "5": 0.5857142857142857
    },
    "avg_mrr": {
      "5": 0.6845238095238094
    },
    "avg_latency_ms": 1710.7569660459246
  },
  "hybrid": {
    "avg_precision": {
      "5": 0.7714285714285714
    },
    "avg_recall": {
      "5": 0.7714285714285714
    },
    "avg_mrr": {
      "5": 0.8714285714285713
    },
    "avg_latency_ms": 1412.9001413072858
  },
  "hybrid_rerank": {
    "avg_precision": {
      "5": 0.7714285714285714
    },
    "avg_recall": {
      "5": 0.7714285714285714
    },
    "avg_mrr": {
      "5": 0.8714285714285713
    },
    "avg_latency_ms": 799.7471605028425
  }
}