{
  "bm25": {
    "avg_precision": {
      "1": 0.8,
      "3": 0.8222222222222223,
      "5": 0.78,
      "10": 0.6866666666666666
    },
    "avg_recall": {
      "1": 0.8,
      "3": 0.8222222222222223,
      "5": 0.78,
      "10": 0.6866666666666666
    },
    "avg_mrr": {
      "1": 0.8888888888888888,
      "3": 0.8888888888888888,
      "5": 0.8888888888888888,
      "10": 0.8888888888888888
    },
    "avg_latency_ms": 49.41967328389486
  },
  "vector": {
    "avg_precision": {
      "1": 0.3,
      "3": 0.2777777777777778,
      "5": 0.2866666666666667,
      "10": 0.28
    },
    "avg_recall": {
      "1": 0.3,
      "3": 0.2777777777777778,
      "5": 0.2866666666666667,
      "10": 0.28
    },
    "avg_mrr": {
      "1": 0.3638888888888889,
      "3": 0.3638888888888889,
      "5": 0.3638888888888889,
      "10": 0.3638888888888889
    },
    "avg_latency_ms": 2484.2353105545044
  },
  "hybrid": {
    "avg_precision": {
      "1": 0.8333333333333334,
      "3": 0.7888888888888891,
      "5": 0.6999999999999998,
      "10": 0.5333333333333333
    },
    "avg_recall": {
      "1": 0.8333333333333334,
      "3": 0.7888888888888891,
      "5": 0.6999999999999998,
      "10": 0.5333333333333333
    },
    "avg_mrr": {
      "1": 0.8966666666666666,
      "3": 0.8966666666666666,
      "5": 0.8966666666666666,
      "10": 0.8966666666666666
    },
    "avg_latency_ms": 1096.7302958170574
  },
  "hybrid_rerank": {
    "avg_precision": {
      "1": 0.8333333333333334,
      "3": 0.7888888888888891,
      "5": 0.6999999999999998,
      "10": 0.5333333333333333
    },
    "avg_recall": {
      "1": 0.8333333333333334,
      "3": 0.7888888888888891,
      "5": 0.6999999999999998,
      "10": 0.5333333333333333
    },
    "avg_mrr": {
      "1": 0.8966666666666666,
      "3": 0.8966666666666666,
      "5": 0.8966666666666666,
      "10": 0.8966666666666666
    },
    "avg_latency_ms": 784.8175605138143
  }
}